https://beineckescholarship.org/how-to-apply/deadline/	https://college.emory.edu/national-awards/awards/award-beinecke.html	https://canvas.emory.edu/courses/30739/pages/beinecke-scholarship-program	http://college.emory.edu/national-awards/documents/secure-documents/beinecke-procedures.pdf	n/a
n/a	https://college.emory.edu/national-awards/awards/award-b-jones-scholar.html	https://canvas.emory.edu/courses/30739/pages/bobby-jones-scholarship	http://college.emory.edu/national-awards/documents/secure-documents/bobby-jones-scholarship-procedures.pdf	n/a
n/a	https://college.emory.edu/national-awards/awards/award-bredow.html	https://canvas.emory.edu/courses/30739/pages/Bredow%20Scholarship?titleize=0	http://college.emory.edu/national-awards/documents/secure-documents/bredow-procedures.pdf	n/a
https://carnegieendowment.org/junior-fellows-program-important-dates?lang=en	https://college.emory.edu/national-awards/awards/award-carnegie.html	https://canvas.emory.edu/courses/30739/pages/carnegie-gaither-junior-fellows-program	http://college.emory.edu/national-awards/documents/secure-documents/carnegie-procedures.pdf	n/a
https://www.churchillscholarship.org/the-scholarship#Apply	https://college.emory.edu/national-awards/awards/award-churchill.html	https://canvas.emory.edu/courses/30739/pages/winston-churchill-foundation-scholarship	http://college.emory.edu/national-awards/documents/secure-documents/churchill-procedures.pdf	n/a
https://clscholarship.org/apply	https://college.emory.edu/national-awards/awards/award-critical-language.html	n/a	n/a	n/a
https://www.daad.org/en/find-funding/graduate-opportunities/research-grants/german-studies-research-grants/	https://college.emory.edu/national-awards/awards/award-daad.html	n/a	n/a	n/a
https://www.ciee.org/go-abroad/college-study-abroad/scholarships/douglass-oconnell-global-internship	https://college.emory.edu/national-awards/awards/award-frederick-douglas.html	n/a	n/a	n/a
https://www.efworld.org/apply-now/	https://college.emory.edu/national-awards/awards/award-eisenhower.html	https://canvas.emory.edu/courses/30739/pages/eisenhower-global-scholars	n/a	n/a
https://together.emory.edu/alumni/awards/student-awards-and-scholarship	https://college.emory.edu/national-awards/awards/award-EAB.html	n/a	n/a	n/a
https://us.fulbrightonline.org/	https://college.emory.edu/national-awards/awards/award-fulbright-eta.html	https://canvas.emory.edu/courses/30739/pages/fulbright-english-teaching-assistantship	http://college.emory.edu/national-awards/documents/secure-documents/fulbright-eta-procedures.pdf	n/a
https://us.fulbrightonline.org/	https://college.emory.edu/national-awards/awards/award-fulbright-rs.html	https://canvas.emory.edu/courses/30739/pages/fulbright-research-slash-study-grant	http://college.emory.edu/national-awards/documents/secure-documents/fulbright-rs-procedures.pdf	n/a
https://www.gatescambridge.org/apply/timeline/	https://college.emory.edu/national-awards/awards/award-gates-cambridge.html	https://canvas.emory.edu/courses/30739/pages/gates-cambridge-scholarship	http://college.emory.edu/national-awards/documents/secure-documents/gates-cambridge-application-guide.pdf	n/a
https://goldwaterscholarship.gov/important-dates/	https://college.emory.edu/national-awards/awards/award-goldwater.html	https://canvas.emory.edu/courses/30739/pages/goldwater-scholarship	http://college.emory.edu/national-awards/documents/secure-documents/goldwater-procedures.pdf	n/a
https://stemfellowships.org/applicants/	https://college.emory.edu/national-awards/awards/award-grad-stem-diversity.html	n/a	n/a	n/a
https://www.hertzfoundation.org/the-fellowship/faq/	https://college.emory.edu/national-awards/awards/award-hertz.html	n/a	n/a	n/a
https://apply.mykaleidoscope.com/scholarships/2025JamesMadisonGraduateFellowship	https://college.emory.edu/national-awards/awards/award-madison-fellows.html	n/a	n/a	n/a
https://knight-hennessy.stanford.edu/admission/before-you-apply/dates-and-deadlines	https://college.emory.edu/national-awards/awards/award-knight-hennessy.html	https://canvas.emory.edu/courses/30739/pages/Knight-Hennessy%20Scholars%20Program?titleize=0	http://college.emory.edu/national-awards/documents/secure-documents/knight-hennessy-guidelines.pdf	n/a
https://www.hungercenter.org/what-we-do/leland-fellowship/fellows/#apply	https://college.emory.edu/national-awards/awards/award-leland-hunger.html	n/a	n/a	n/a
https://apply-lucescholars.smapply.io/	https://college.emory.edu/national-awards/awards/award-luce.html	https://canvas.emory.edu/courses/30739/pages/luce-scholars-program	http://college.emory.edu/national-awards/documents/secure-documents/luce-procedures.pdf	n/a
https://www.marshallscholarship.org/apply	https://college.emory.edu/national-awards/awards/award-marshall.html	https://canvas.emory.edu/courses/30739/pages/marshall-scholarship	http://college.emory.edu/national-awards/documents/secure-documents/marshall-procedures.pdf	n/a
https://www.sciencespo.fr/students/en/fees-funding/bursaries-financial-aid/david-weill-scholarship/	https://college.emory.edu/national-awards/awards/award-david-weill.html	https://canvas.emory.edu/courses/30739/pages/michel-david-weill	http://college.emory.edu/national-awards/documents/secure-documents/mdw-procedures.pdf	n/a
https://us-irelandalliance.org/scholarships	https://college.emory.edu/national-awards/awards/award-mitchell.html	https://canvas.emory.edu/courses/30739/pages/Mitchell%20Scholarship?titleize=0	http://college.emory.edu/national-awards/documents/secure-documents/mitchell-procedures.pdf	n/a
n/a	https://college.emory.edu/national-awards/awards/award-mount-vernon.html	n/a	n/a	n/a
https://new.nsf.gov/funding/opportunities/grfp-nsf-graduate-research-fellowship-program/nsf24-591/solicitation	https://college.emory.edu/national-awards/awards/award-nsf-grfp.html	https://canvas.emory.edu/courses/30739/pages/national-science-foundation-graduate-research-fellowships-program	http://college.emory.edu/national-awards/documents/secure-documents/nsf-grfp-guide.pdf	n/a
https://new.nsf.gov/funding/opportunities/reu-research-experiences-undergraduates/nsf23-601/solicitation	https://college.emory.edu/national-awards/awards/award-nsf-reu.html	n/a	n/a	n/a
https://www.noaa.gov/office-education/hollings-scholarship/news	https://college.emory.edu/national-awards/awards/award-noaa-hollings.html	n/a	n/a	n/a
https://research.gatech.edu/bio/petit-undergraduate-research-scholars-program	https://college.emory.edu/national-awards/awards/award-petit.html	n/a	n/a	n/a
https://amgenscholars.com/us-program/	https://college.emory.edu/national-awards/awards/award-amgen-scholars.html	n/a	n/a	n/a
https://www.quadfellowship.org/apply	https://college.emory.edu/national-awards/awards/award-quad-fellowship.html	n/a	n/a	n/a
https://apply.rangelprogram.org/	https://college.emory.edu/national-awards/awards/award-rangel.html	https://canvas.emory.edu/courses/30739/pages/payne-pickering-and-rangel	n/a	n/a
https://www.rhodeshouse.ox.ac.uk/scholarships/applications/united-states/	https://college.emory.edu/national-awards/awards/award-rhodes.html	https://canvas.emory.edu/courses/30739/pages/rhodes-scholarship	http://college.emory.edu/national-awards/documents/secure-documents/rhodes-procedures.pdf	n/a
https://www.schwarzmanscholars.org/admissions/	https://college.emory.edu/national-awards/awards/award-schwarzman.html	https://canvas.emory.edu/courses/30739/pages/schwarzman-scholars-program	http://college.emory.edu/national-awards/documents/secure-documents/schwarzman-procedures.pdf	n/a
n/a	https://college.emory.edu/national-awards/awards/award-shepard.html	https://canvas.emory.edu/courses/30739/pages/Shepard%20Scholarship?titleize=0	http://college.emory.edu/national-awards/documents/secure-documents/shepard-procedures.pdf	n/a
n/a	https://college.emory.edu/national-awards/awards/award-sonny-carter.html	https://canvas.emory.edu/courses/30739/pages/sonny-carter-scholarship	http://college.emory.edu/national-awards/documents/secure-documents/sonny-carter-procedures.pdf	n/a
https://www.truman.gov/apply/applying/important-dates	https://college.emory.edu/national-awards/awards/award-truman.html	https://canvas.emory.edu/courses/30739/pages/truman-scholarship-program	http://college.emory.edu/national-awards/documents/secure-documents/truman-procedures.pdf	n/a
https://www.wilsoncenter.org/fellowship-application-guidelines	https://college.emory.edu/national-awards/awards/award-wwtf.html	n/a	n/a	n/a
